{
  "version": "7",
  "dialect": "mysql",
  "entries": [
    {
      "idx": 0,
      "version": "5",
      "when": 1769590853409,
      "tag": "0000_special_hiroim",
      "breakpoints": true
    },
    {
      "idx": 1,
      "version": "5",
      "when": 1769590994883,
      "tag": "0001_hot_machine_man",
      "breakpoints": true
    },
    {
      "idx": 2,
      "version": "5",
      "when": 1769592420250,
      "tag": "0002_massive_puff_adder",
      "breakpoints": true
    },
    {
      "idx": 3,
      "version": "5",
      "when": 1769658135917,
      "tag": "0003_mysterious_maria_hill",
      "breakpoints": true
    }
  ]
}